{
  "Ansi 4 Color" : {
    "Red Component" : 0.16862745583057404,
    "Color Space" : "sRGB",
    "Blue Component" : 0.69803923368453979,
    "Alpha Component" : 1,
    "Green Component" : 0.47843137383460999
  },
  "Tags" : [

  ],
  "Ansi 12 Color" : {
    "Red Component" : 0.16862745583057404,
    "Color Space" : "sRGB",
    "Blue Component" : 0.69803923368453979,
    "Alpha Component" : 1,
    "Green Component" : 0.47843137383460999
  },
  "Ansi 5 Color" : {
    "Red Component" : 0.56078433990478516,
    "Color Space" : "sRGB",
    "Blue Component" : 0.63529413938522339,
    "Alpha Component" : 1,
    "Green Component" : 0.38823530077934265
  },
  "Right Option Key Sends" : 0,
  "Bold Color" : {
    "Red Component" : 0.26274511218070984,
    "Color Space" : "sRGB",
    "Blue Component" : 0.31764706969261169,
    "Alpha Component" : 1,
    "Green Component" : 0.28627452254295349
  },
  "Ansi 7 Color" : {
    "Red Component" : 0.32549020648002625,
    "Color Space" : "sRGB",
    "Blue Component" : 0.3960784375667572,
    "Alpha Component" : 1,
    "Green Component" : 0.36078432202339172
  },
  "Ansi 8 Color" : {
    "Red Component" : 0.42745098471641541,
    "Color Space" : "sRGB",
    "Blue Component" : 0.50980395078659058,
    "Alpha Component" : 1,
    "Green Component" : 0.46666666865348816
  },
  "Ansi 9 Color" : {
    "Red Component" : 0.68235296010971069,
    "Color Space" : "sRGB",
    "Blue Component" : 0.3960784375667572,
    "Alpha Component" : 1,
    "Green Component" : 0.34509804844856262
  },
  "Rows" : 25,
  "Default Bookmark" : "No",
  "Ansi 6 Color" : {
    "Red Component" : 0,
    "Color Space" : "sRGB",
    "Blue Component" : 0.51372551918029785,
    "Alpha Component" : 1,
    "Green Component" : 0.51764708757400513
  },
  "Custom Directory" : "No",
  "Cursor Guide Color" : {
    "Red Component" : 0.23137256503105164,
    "Color Space" : "sRGB",
    "Blue Component" : 0.32156860828399658,
    "Alpha Component" : 1,
    "Green Component" : 0.25882357358932495
  },
  "Non-ASCII Anti Aliased" : true,
  "Use Bright Bold" : true,
  "Ansi 10 Color" : {
    "Red Component" : 0.30196079611778259,
    "Color Space" : "sRGB",
    "Blue Component" : 0.26274511218070984,
    "Alpha Component" : 1,
    "Green Component" : 0.49803921580314636
  },
  "Icon" : 1,
  "Ambiguous Double Width" : false,
  "Jobs to Ignore" : [
    "rlogin",
    "ssh",
    "slogin",
    "telnet"
  ],
  "Show Status Bar" : false,
  "Ansi 15 Color" : {
    "Red Component" : 0.26274511218070984,
    "Color Space" : "sRGB",
    "Blue Component" : 0.31764706969261169,
    "Alpha Component" : 1,
    "Green Component" : 0.28627452254295349
  },
  "Foreground Color" : {
    "Red Component" : 0.32549020648002625,
    "Color Space" : "sRGB",
    "Blue Component" : 0.3960784375667572,
    "Alpha Component" : 1,
    "Green Component" : 0.36078432202339172
  },
  "Bound Hosts" : [

  ],
  "Working Directory" : "\/Users\/susikovalexander",
  "Blinking Cursor" : false,
  "Disable Window Resizing" : true,
  "Sync Title" : false,
  "Prompt Before Closing 2" : false,
  "BM Growl" : true,
  "Command" : "",
  "Description" : "Default",
  "Mouse Reporting" : true,
  "Screen" : -1,
  "Selection Color" : {
    "Red Component" : 0.42745098471641541,
    "Color Space" : "sRGB",
    "Blue Component" : 0.50980395078659058,
    "Alpha Component" : 1,
    "Green Component" : 0.46666666865348816
  },
  "Columns" : 80,
  "Idle Code" : 0,
  "Ansi 13 Color" : {
    "Red Component" : 0.56078433990478516,
    "Color Space" : "sRGB",
    "Blue Component" : 0.63529413938522339,
    "Alpha Component" : 1,
    "Green Component" : 0.38823530077934265
  },
  "Custom Command" : "No",
  "ASCII Anti Aliased" : true,
  "Non Ascii Font" : "Monaco 12",
  "Vertical Spacing" : 1,
  "Use Bold Font" : true,
  "Option Key Sends" : 0,
  "Selected Text Color" : {
    "Red Component" : 0.9843137264251709,
    "Color Space" : "sRGB",
    "Blue Component" : 1,
    "Alpha Component" : 1,
    "Green Component" : 1
  },
  "Background Color" : {
    "Red Component" : 0.9843137264251709,
    "Color Space" : "sRGB",
    "Blue Component" : 1,
    "Alpha Component" : 1,
    "Green Component" : 1
  },
  "Character Encoding" : 4,
  "Ansi 11 Color" : {
    "Red Component" : 0.56470590829849243,
    "Color Space" : "sRGB",
    "Blue Component" : 0.20000000298023224,
    "Alpha Component" : 1,
    "Green Component" : 0.42352941632270813
  },
  "Use Italic Font" : true,
  "Unlimited Scrollback" : false,
  "Keyboard Map" : {
    "0xf700-0x260000" : {
      "Text" : "[1;6A",
      "Action" : 10
    },
    "0x37-0x40000" : {
      "Text" : "0x1f",
      "Action" : 11
    },
    "0x32-0x40000" : {
      "Text" : "0x00",
      "Action" : 11
    },
    "0xf709-0x20000" : {
      "Text" : "[17;2~",
      "Action" : 10
    },
    "0xf70c-0x20000" : {
      "Text" : "[20;2~",
      "Action" : 10
    },
    "0xf729-0x20000" : {
      "Text" : "[1;2H",
      "Action" : 10
    },
    "0xf72b-0x40000" : {
      "Text" : "[1;5F",
      "Action" : 10
    },
    "0xf705-0x20000" : {
      "Text" : "[1;2Q",
      "Action" : 10
    },
    "0xf703-0x260000" : {
      "Text" : "[1;6C",
      "Action" : 10
    },
    "0xf700-0x220000" : {
      "Text" : "[1;2A",
      "Action" : 10
    },
    "0xf701-0x280000" : {
      "Text" : "0x1b 0x1b 0x5b 0x42",
      "Action" : 11
    },
    "0x38-0x40000" : {
      "Text" : "0x7f",
      "Action" : 11
    },
    "0x33-0x40000" : {
      "Text" : "0x1b",
      "Action" : 11
    },
    "0xf703-0x220000" : {
      "Text" : "[1;2C",
      "Action" : 10
    },
    "0xf701-0x240000" : {
      "Text" : "[1;5B",
      "Action" : 10
    },
    "0xf70d-0x20000" : {
      "Text" : "[21;2~",
      "Action" : 10
    },
    "0xf702-0x260000" : {
      "Text" : "[1;6D",
      "Action" : 10
    },
    "0xf729-0x40000" : {
      "Text" : "[1;5H",
      "Action" : 10
    },
    "0xf706-0x20000" : {
      "Text" : "[1;2R",
      "Action" : 10
    },
    "0x34-0x40000" : {
      "Text" : "0x1c",
      "Action" : 11
    },
    "0xf700-0x280000" : {
      "Text" : "0x1b 0x1b 0x5b 0x41",
      "Action" : 11
    },
    "0x2d-0x40000" : {
      "Text" : "0x1f",
      "Action" : 11
    },
    "0xf70e-0x20000" : {
      "Text" : "[23;2~",
      "Action" : 10
    },
    "0xf702-0x220000" : {
      "Text" : "[1;2D",
      "Action" : 10
    },
    "0xf703-0x280000" : {
      "Text" : "0x1b 0x1b 0x5b 0x43",
      "Action" : 11
    },
    "0xf700-0x240000" : {
      "Text" : "[1;5A",
      "Action" : 10
    },
    "0xf707-0x20000" : {
      "Text" : "[1;2S",
      "Action" : 10
    },
    "0xf70a-0x20000" : {
      "Text" : "[18;2~",
      "Action" : 10
    },
    "0x35-0x40000" : {
      "Text" : "0x1d",
      "Action" : 11
    },
    "0xf70f-0x20000" : {
      "Text" : "[24;2~",
      "Action" : 10
    },
    "0xf703-0x240000" : {
      "Text" : "[1;5C",
      "Action" : 10
    },
    "0xf701-0x260000" : {
      "Text" : "[1;6B",
      "Action" : 10
    },
    "0xf702-0x280000" : {
      "Text" : "0x1b 0x1b 0x5b 0x44",
      "Action" : 11
    },
    "0xf72b-0x20000" : {
      "Text" : "[1;2F",
      "Action" : 10
    },
    "0x36-0x40000" : {
      "Text" : "0x1e",
      "Action" : 11
    },
    "0xf708-0x20000" : {
      "Text" : "[15;2~",
      "Action" : 10
    },
    "0xf701-0x220000" : {
      "Text" : "[1;2B",
      "Action" : 10
    },
    "0xf70b-0x20000" : {
      "Text" : "[19;2~",
      "Action" : 10
    },
    "0xf702-0x240000" : {
      "Text" : "[1;5D",
      "Action" : 10
    },
    "0xf704-0x20000" : {
      "Text" : "[1;2P",
      "Action" : 10
    }
  },
  "Window Type" : 12,
  "Background Image Location" : "",
  "Blur" : false,
  "Badge Color" : {
    "Red Component" : 0.26274508237838745,
    "Color Space" : "sRGB",
    "Blue Component" : 0.36862742900848389,
    "Alpha Component" : 0.7057952880859375,
    "Green Component" : 0.29803919792175293
  },
  "Scrollback Lines" : 1000,
  "Send Code When Idle" : false,